,index,Date,Open,High,Low,Close,Volume,Change
0,5171,2021-01-04,81000,84400,80200,83000,38655276,0.024691358024691468
1,5172,2021-01-05,81600,83900,81600,83900,35335669,0.010843373493975905
2,5173,2021-01-06,83300,84500,82100,82200,42089013,-0.020262216924910592
3,5174,2021-01-07,82800,84200,82700,82900,32644642,0.008515815085158085
4,5175,2021-01-08,83300,90000,83000,88800,59013307,0.07117008443908324
5,5176,2021-01-11,90000,96800,89500,91000,90306177,0.024774774774774855
6,5177,2021-01-12,90300,91400,87800,90600,48682416,-0.00439560439560438
7,5178,2021-01-13,89800,91200,89100,89700,36068848,-0.009933774834437137
8,5179,2021-01-14,88700,90000,88700,89700,26393970,0.0
9,5180,2021-01-15,89800,91800,88000,88000,33431809,-0.018952062430323324
10,5181,2021-01-18,86600,87300,84100,85000,43227951,-0.03409090909090906
11,5182,2021-01-19,84500,88000,83600,87000,39895044,0.0235294117647058
12,5183,2021-01-20,89000,89000,86500,87200,25211127,0.0022988505747125743
13,5184,2021-01-21,87500,88600,86500,88100,25318011,0.010321100917431103
14,5185,2021-01-22,89000,89700,86800,86800,30861661,-0.014755959137343955
15,5186,2021-01-25,87000,89900,86300,89400,27258534,0.02995391705069128
16,5187,2021-01-26,88800,89200,86500,86700,33178936,-0.030201342281879207
17,5188,2021-01-27,86600,87700,85600,85600,26423070,-0.012687427912341454
18,5189,2021-01-28,83200,85600,83200,83700,31859808,-0.02219626168224298
19,5190,2021-01-29,84500,85000,82000,82000,39615978,-0.020310633213859064
20,5191,2021-02-01,81700,83400,81000,83000,28046832,0.012195121951219523
21,5192,2021-02-02,84100,86400,83700,84400,26302077,0.01686746987951815
22,5193,2021-02-03,84800,85400,83400,84600,22112205,0.0023696682464455776
23,5194,2021-02-04,83500,83800,82100,82500,24171688,-0.024822695035460973
24,5195,2021-02-05,83100,84000,82500,83500,18036835,0.0121212121212122
25,5196,2021-02-08,83800,84200,83000,83000,15338765,-0.005988023952095856
26,5197,2021-02-09,84000,84800,82700,82700,20898332,-0.0036144578313253017
27,5198,2021-02-10,82600,82600,81600,81600,23025766,-0.013301088270858519
28,5199,2021-02-15,83800,84500,83300,84200,23529706,0.031862745098039325
29,5200,2021-02-16,84500,86000,84200,84900,20483100,0.008313539192398967
30,5201,2021-02-17,83900,84200,83000,83200,18307735,-0.020023557126030656
31,5202,2021-02-18,83200,83600,82100,82100,21327683,-0.013221153846153855
32,5203,2021-02-19,82300,82800,81000,82600,25880879,0.006090133982947554
33,5204,2021-02-22,83800,84200,82200,82200,25419886,-0.004842615012106588
34,5205,2021-02-23,81200,82900,81100,82000,20587314,-0.0024330900243308973
35,5206,2021-02-24,81800,83600,81300,82000,26807651,0.0
36,5207,2021-02-25,84000,85400,83000,85300,34155986,0.040243902439024426
37,5208,2021-02-26,82800,83400,82000,82500,38520800,-0.03282532239155922
38,5209,2021-03-02,85100,85300,83000,83600,33498180,0.01333333333333342
39,5210,2021-03-03,83500,84000,82800,84000,19882132,0.004784688995215225
40,5211,2021-03-04,82600,83200,82200,82400,24348331,-0.01904761904761909
41,5212,2021-03-05,81100,82600,81100,82100,20508971,-0.00364077669902918
42,5213,2021-03-08,82900,83000,81600,82000,17641256,-0.0012180267965895553
43,5214,2021-03-09,81400,81900,80600,81400,25420764,-0.007317073170731714
44,5215,2021-03-10,82400,82500,80700,80900,20038422,-0.00614250614250611
45,5216,2021-03-11,81000,82500,81000,82000,23818297,0.013597033374536549
46,5217,2021-03-12,83100,83500,82400,82800,13530573,0.009756097560975618
47,5218,2021-03-15,82800,82900,81800,81800,13735798,-0.012077294685990392
48,5219,2021-03-16,82200,83000,82100,82800,12293537,0.012224938875305513
49,5220,2021-03-17,82800,82900,82000,82300,11625146,-0.006038647342995196
50,5221,2021-03-18,82800,83800,82600,82900,18585244,0.007290400972053357
51,5222,2021-03-19,82100,82500,81800,81900,15869700,-0.012062726176115812
52,5223,2021-03-22,82000,82300,81700,82000,12670506,0.0012210012210012167
53,5224,2021-03-23,82600,82900,81800,81800,13299907,-0.0024390243902439046
54,5225,2021-03-24,81000,81600,80700,81000,17926638,-0.009779951100244544
55,5226,2021-03-25,81000,82100,80800,81200,14758826,0.0024691358024691024
56,5227,2021-03-26,81400,81600,81000,81500,12845778,0.003694581280788256
57,5228,2021-03-29,81700,81700,81000,81600,14952134,0.0012269938650306678
58,5229,2021-03-30,81600,82300,81300,82200,13121698,0.007352941176470562
59,5230,2021-03-31,82400,82700,81400,81400,17240518,-0.009732360097323589
60,5231,2021-04-01,82500,83000,82000,82900,18676461,0.01842751842751844
61,5232,2021-04-02,84000,85200,83900,84800,22997538,0.022919179734619988
62,5233,2021-04-05,85800,86000,84800,85400,16255990,0.007075471698113178
63,5234,2021-04-06,86200,86200,85100,86000,19042023,0.007025761124121788
64,5235,2021-04-07,86100,86200,85400,85600,17885538,-0.0046511627906976605
65,5236,2021-04-08,85700,85700,84100,84700,19244259,-0.010514018691588745
66,5237,2021-04-09,84700,84900,83400,83600,18193707,-0.012987012987012991
67,5238,2021-04-12,84100,84100,83100,83200,12915282,-0.004784688995215336
68,5239,2021-04-13,83000,84500,82800,84000,15238206,0.009615384615384581
69,5240,2021-04-14,84000,84300,83400,84000,13794652,0.0
70,5241,2021-04-15,83700,84500,83400,84100,16377412,0.0011904761904761862
71,5242,2021-04-16,84700,84700,83600,83900,15429522,-0.0023781212841854638
72,5243,2021-04-19,83800,84000,83300,83300,15287311,-0.007151370679380209
73,5244,2021-04-20,83300,84000,83100,83900,15521965,0.007202881152460927
74,5245,2021-04-21,83300,83500,82500,82600,21636079,-0.015494636471990453
75,5246,2021-04-22,82900,83000,82400,82400,13934746,-0.002421307506053294
76,5247,2021-04-23,81900,82900,81600,82800,17805080,0.004854368932038833
77,5248,2021-04-26,82900,83500,82600,83500,15489938,0.008454106280193274
78,5249,2021-04-27,83200,83300,82500,82900,12941533,-0.007185628742514938
79,5250,2021-04-28,83200,83200,82100,82100,15596759,-0.00965018094089265
80,5251,2021-04-29,82400,82500,81500,81700,20000973,-0.00487210718635811
81,5252,2021-04-30,81900,82100,81500,81500,18673197,-0.002447980416156681
82,5253,2021-05-03,81000,82400,81000,81700,15710336,0.0024539877300613355
83,5254,2021-05-04,81900,82600,81800,82600,12532550,0.01101591187270512
84,5255,2021-05-06,81700,82300,81700,82300,17047511,-0.003631961259079941
85,5256,2021-05-07,81800,82100,81500,81900,14154882,-0.004860267314702349
86,5257,2021-05-10,82300,83500,81800,83200,19385027,0.015873015873015817
87,5258,2021-05-11,82500,82600,81100,81200,28996680,-0.024038461538461564
88,5259,2021-05-12,80800,81200,79800,80000,35812268,-0.014778325123152691
89,5260,2021-05-13,78900,79600,78400,78500,31490096,-0.018750000000000044
90,5261,2021-05-14,79000,80300,78900,80100,16450920,0.020382165605095537
91,5262,2021-05-17,80800,80900,79200,79600,17740855,-0.006242197253433224
92,5263,2021-05-18,79600,80000,79100,79600,17494407,0.0
93,5264,2021-05-20,79400,79700,79100,79500,16541828,-0.0012562814070351536
94,5265,2021-05-21,80100,81500,79800,80100,20961714,0.007547169811320753
95,5266,2021-05-24,80100,80400,79500,79700,13398666,-0.004993757802746579
96,5267,2021-05-25,80000,80400,79800,79900,13628942,0.0025094102885820924
97,5268,2021-05-26,80400,80500,79700,79800,11984359,-0.0012515644555695093
98,5269,2021-05-27,80000,80000,79100,79600,23198510,-0.0025062656641604564
99,5270,2021-05-28,79800,80400,79400,80100,12360199,0.00628140703517599
100,5271,2021-05-31,80300,80600,79600,80500,13321324,0.004993757802746579
101,5272,2021-06-01,80500,81300,80100,80600,14058401,0.001242236024844745
102,5273,2021-06-02,80400,81400,80300,80800,16414644,0.002481389578163684
103,5274,2021-06-03,81300,83000,81100,82800,29546007,0.024752475247524774
104,5275,2021-06-04,82700,82700,81500,82200,18112259,-0.007246376811594235
105,5276,2021-06-07,82700,82800,81600,81900,16496197,-0.0036496350364964014
106,5277,2021-06-08,82300,82600,81800,81900,12781226,0.0
107,5278,2021-06-09,81500,82000,81100,81100,14908823,-0.009768009768009733
108,5279,2021-06-10,81300,81400,80900,81000,17586995,-0.0012330456226880004
109,5280,2021-06-11,81200,81700,80700,81000,14087962,0.0
110,5281,2021-06-14,80800,80900,80500,80500,10550078,-0.006172839506172867
111,5282,2021-06-15,80900,81200,80600,80900,10075685,0.00496894409937898
112,5283,2021-06-16,81500,81900,81100,81800,14999855,0.011124845488257096
113,5284,2021-06-17,81100,81300,80700,80900,14007385,-0.011002444987775029
114,5285,2021-06-18,81100,81100,80500,80500,14916721,-0.0049443757725586845
115,5286,2021-06-21,79700,80000,79600,79900,16063340,-0.007453416149068359
116,5287,2021-06-22,80200,80300,79900,80000,11773365,0.0012515644555695093
117,5288,2021-06-23,80500,80600,79900,80100,13856548,0.0012499999999999734
118,5289,2021-06-24,80400,81400,80100,81200,18771080,0.013732833957553092
119,5290,2021-06-25,81500,81900,81200,81600,13481405,0.0049261083743843415
120,5291,2021-06-28,81700,82000,81600,81900,11578529,0.003676470588235281
121,5292,2021-06-29,81900,82100,80800,81000,15744317,-0.01098901098901095
122,5293,2021-06-30,81100,81400,80700,80700,13288643,-0.0037037037037036535
123,5294,2021-07-01,80500,80600,80000,80100,13382882,-0.0074349442379182396
124,5295,2021-07-02,80000,80400,79900,80000,8753097,-0.0012484394506866447
125,5296,2021-07-05,80100,80800,80000,80400,8330969,0.004999999999999893
126,5297,2021-07-06,80600,81200,80500,81200,12131651,0.00995024875621886
127,5298,2021-07-07,81200,81300,80300,80800,15992202,-0.0049261083743842304
128,5299,2021-07-08,81100,81200,79900,79900,16660998,-0.011138613861386149
129,5300,2021-07-09,79600,79800,79000,79400,22720577,-0.006257822277847325
130,5301,2021-07-12,79900,80000,79500,79700,9768108,0.0037783375314861534
131,5302,2021-07-13,80000,80200,79800,79800,9863450,0.0012547051442910462
132,5303,2021-07-14,79400,79600,79100,79500,11575636,-0.003759398496240629
133,5304,2021-07-15,79800,80600,79500,80600,13766279,0.01383647798742138
134,5305,2021-07-16,80100,80100,79500,79800,10859399,-0.00992555831265507
135,5306,2021-07-19,79100,79200,78800,79000,13155414,-0.010025062656641603
136,5307,2021-07-20,78500,79000,78400,79000,12456646,0.0
137,5308,2021-07-21,79000,79100,78500,78500,12355296,-0.006329113924050667
138,5309,2021-07-22,79000,79800,78900,79700,12618790,0.015286624203821653
139,5310,2021-07-23,79700,79900,79200,79300,9098910,-0.005018820577164407
140,5311,2021-07-26,79400,79500,78800,78800,10040975,-0.006305170239596425
141,5312,2021-07-27,79200,79400,78500,78500,11427693,-0.0038071065989847552
142,5313,2021-07-28,78300,79200,78100,79200,12743417,0.008917197452229297
143,5314,2021-07-29,78800,79400,78800,79000,14360453,-0.002525252525252486
144,5315,2021-07-30,78900,78900,78500,78500,13823411,-0.006329113924050667
145,5316,2021-08-02,79200,79500,78700,79300,11739124,0.010191082802547768
146,5317,2021-08-03,79400,81400,79300,81400,24339360,0.02648171500630525
147,5318,2021-08-04,82200,83100,81800,82900,25642368,0.01842751842751844
148,5319,2021-08-05,83300,83300,82000,82100,18485469,-0.00965018094089265
149,5320,2021-08-06,81900,82500,81300,81500,13342623,-0.0073081607795371095
150,5321,2021-08-09,81500,82300,80900,81500,15522581,0.0
151,5322,2021-08-10,82300,82400,80100,80200,20362639,-0.015950920245398792
152,5323,2021-08-11,79600,79800,78500,78500,30241137,-0.021197007481296715
153,5324,2021-08-12,77100,78200,76900,77000,42365223,-0.019108280254777066
154,5325,2021-08-13,75800,76000,74100,74400,61270643,-0.03376623376623378
155,5326,2021-08-17,74000,75100,74000,74200,30944847,-0.0026881720430107503
156,5327,2021-08-18,73900,74600,73100,73900,29192631,-0.0040431266846361336
157,5328,2021-08-19,73500,74400,73100,73100,22166298,-0.010825439783491153
158,5329,2021-08-20,73500,73900,72500,72700,22364803,-0.005471956224350261
159,5330,2021-08-23,73300,74000,73000,73300,19384648,0.008253094910591452
160,5331,2021-08-24,73900,75700,73900,75600,21016913,0.03137789904502042
161,5332,2021-08-25,76200,76600,74900,75700,22319664,0.001322751322751392
162,5333,2021-08-26,76100,76200,74600,74600,16671494,-0.014531043593130732
163,5334,2021-08-27,74300,75000,73800,74300,15172748,-0.004021447721179627
164,5335,2021-08-30,75400,75500,74200,74600,12686999,0.004037685060565233
165,5336,2021-08-31,74900,76700,74300,76700,24630370,0.02815013404825728
166,5337,2021-09-01,76700,77100,75900,76800,16114775,0.0013037809647979959
167,5338,2021-09-02,76800,76800,75700,76000,15347486,-0.01041666666666663
168,5339,2021-09-03,76400,76700,76000,76600,12096419,0.007894736842105177
169,5340,2021-09-06,76800,77600,76600,77300,12861180,0.009138381201044377
170,5341,2021-09-07,77100,77100,75900,76100,13239401,-0.015523932729624823
171,5342,2021-09-08,76000,76400,75600,76300,11798147,0.0026281208935610145
172,5343,2021-09-09,76400,76600,75000,75300,17600770,-0.013106159895150737
173,5344,2021-09-10,75300,75600,74800,75300,10103212,0.0
174,5345,2021-09-13,75200,76300,75100,76300,11397775,0.013280212483399723
175,5346,2021-09-14,77100,77700,76600,76600,18167057,0.003931847968545288
176,5347,2021-09-15,77400,77400,76400,77000,12829128,0.005221932114882533
177,5348,2021-09-16,77300,77400,76100,76100,13067622,-0.011688311688311637
178,5349,2021-09-17,76300,77200,75900,77200,16289502,0.014454664914586024
179,5350,2021-09-23,77500,77600,76800,77400,17055590,0.002590673575129543
180,5351,2021-09-24,77600,77700,77100,77300,12247274,-0.0012919896640827266
181,5352,2021-09-27,77300,77700,77000,77700,11699798,0.005174644243208348
182,5353,2021-09-28,77700,77800,76200,76300,15406382,-0.018018018018018056
183,5354,2021-09-29,74800,75300,73800,74100,23992458,-0.028833551769331556
184,5355,2021-09-30,74300,74800,73700,74100,19919361,0.0
185,5356,2021-10-01,73900,74000,72900,73200,15803395,-0.012145748987854255
186,5357,2021-10-05,73000,73000,71400,72200,24013921,-0.013661202185792365
187,5358,2021-10-06,72600,72800,71200,71300,18956962,-0.012465373961218829
188,5359,2021-10-07,71600,72100,71300,71600,13683532,0.004207573632538653
189,5360,2021-10-08,72300,72400,71500,71500,14043287,-0.0013966480446927498
190,5361,2021-10-12,70700,70900,68700,69000,31001484,-0.034965034965035
191,5362,2021-10-13,68700,69600,68300,68800,24172015,-0.0028985507246376274
192,5363,2021-10-14,69000,69800,68800,69400,19520641,0.008720930232558155
193,5364,2021-10-15,70200,71000,70000,70100,18051612,0.01008645533141217
194,5365,2021-10-18,70200,70300,69200,70200,13486391,0.0014265335235377208
195,5366,2021-10-19,70800,71000,70400,70600,9507991,0.005698005698005604
196,5367,2021-10-20,70700,71000,70200,70300,10151638,-0.004249291784702569
197,5368,2021-10-21,70300,70600,70000,70200,10891094,-0.0014224751066855834
198,5369,2021-10-22,70000,70700,70000,70400,8395448,0.002849002849002913
199,5370,2021-10-25,69900,70600,69500,70200,10029621,-0.0028409090909090606
200,5371,2021-10-26,70600,71500,70400,71100,10528252,0.012820512820512775
201,5372,2021-10-27,71000,71000,70000,70100,10295316,-0.01406469760900142
202,5373,2021-10-28,69500,72200,69500,70700,20644902,0.008559201141226769
203,5374,2021-10-29,71200,71600,69700,69800,17016151,-0.012729844413012725
204,5375,2021-11-01,70200,70600,69900,69900,11503729,0.0014326647564470996
205,5376,2021-11-02,70800,72200,70700,71500,16812570,0.022889842632331847
206,5377,2021-11-03,71700,71700,70100,70400,12770428,-0.01538461538461533
207,5378,2021-11-04,71200,71600,70500,70600,11818987,0.0028409090909091717
208,5379,2021-11-05,71600,71600,70200,70200,12667743,-0.005665722379603388
209,5380,2021-11-08,70400,70600,69800,70600,11121981,0.005698005698005604
210,5381,2021-11-09,70300,71000,70100,70500,11159589,-0.0014164305949008194
211,5382,2021-11-10,70300,70900,70200,70200,9422009,-0.004255319148936176
212,5383,2021-11-11,69900,70000,69600,69900,11489122,-0.004273504273504258
213,5384,2021-11-12,70200,70900,69900,70600,10087450,0.010014306151645114
214,5385,2021-11-15,71700,71900,70900,71400,12420710,0.011331444759206777
215,5386,2021-11-16,71500,72000,71300,71300,10919239,-0.0014005602240896309
216,5387,2021-11-17,71300,71600,70600,70700,11027606,-0.008415147265077194
217,5388,2021-11-18,70700,71000,70200,70200,10144957,-0.007072135785007094
218,5389,2021-11-19,70400,71400,70100,71200,11954728,0.014245014245014342
219,5390,2021-11-22,73300,75200,73000,74900,27506623,0.05196629213483139
220,5391,2021-11-23,76000,76000,74500,75300,22029195,0.005340453938584844
221,5392,2021-11-24,76000,76200,74100,74800,15652305,-0.006640106241699861
222,5393,2021-11-25,75100,75100,73600,73700,12559258,-0.014705882352941124
223,5394,2021-11-26,73500,74100,72000,72300,13002242,-0.018995929443690662
224,5395,2021-11-29,71700,73000,71400,72300,16682559,0.0
225,5396,2021-11-30,73200,73900,70500,71300,30364841,-0.013831258644536604
226,5397,2021-12-01,72000,74800,71600,74400,21954856,0.04347826086956519
227,5398,2021-12-02,73900,75800,73800,75800,23652940,0.018817204301075252
228,5399,2021-12-03,75600,76000,74100,75600,18330240,-0.0026385224274406704
229,5400,2021-12-06,75100,76700,74900,76300,16391250,0.0092592592592593
230,5401,2021-12-07,76100,77700,75600,77400,19232453,0.014416775884665833
231,5402,2021-12-08,78300,78600,77100,77400,21558340,0.0
232,5403,2021-12-09,77400,78200,77000,78200,21604528,0.010335917312661591
233,5404,2021-12-10,77400,77600,76800,76900,9155219,-0.01662404092071612
234,5405,2021-12-13,77200,78300,76500,76800,15038750,-0.0013003901170350884
235,5406,2021-12-14,76500,77200,76200,77000,10976660,0.0026041666666667407
236,5407,2021-12-15,76400,77600,76300,77600,9584939,0.007792207792207684
237,5408,2021-12-16,78500,78500,77400,77800,11996128,0.002577319587628857
238,5409,2021-12-17,76800,78000,76800,78000,13108479,0.0025706940874035134
239,5410,2021-12-20,77600,77800,76800,77100,11264375,-0.011538461538461497
240,5411,2021-12-21,77900,78300,77500,78100,14245298,0.012970168612191912
241,5412,2021-12-22,78900,79400,78800,79400,17105892,0.016645326504481472
242,5413,2021-12-23,79800,80000,79300,79900,13577498,0.006297229219143663
243,5414,2021-12-24,80200,80800,80200,80500,12086380,0.007509386733416834
244,5415,2021-12-27,80600,80600,79800,80200,10783368,-0.003726708074534124
245,5416,2021-12-28,80200,80400,79700,80300,18226325,0.0012468827930174342
246,5417,2021-12-29,80200,80200,78500,78800,19794795,-0.018679950186799466
247,5418,2021-12-30,78900,79500,78100,78300,14236700,-0.006345177664974666
248,5419,2022-01-03,79400,79800,78200,78600,13502112,0.003831417624521105
249,5420,2022-01-04,78800,79200,78300,78700,12427416,0.0012722646310432406
250,5421,2022-01-05,78800,79000,76400,77400,25470640,-0.016518424396442133
251,5422,2022-01-06,76700,77600,76600,76900,12931954,-0.006459948320413411
252,5423,2022-01-07,78100,78400,77400,78300,15163757,0.01820546163849146
253,5424,2022-01-10,78100,78100,77100,78000,9947422,-0.003831417624521105
254,5425,2022-01-11,78400,79000,78000,78900,13221123,0.011538461538461497
255,5426,2022-01-12,79500,79600,78600,78900,11000502,0.0
256,5427,2022-01-13,79300,79300,77900,77900,13889401,-0.012674271229404344
257,5428,2022-01-14,77700,78100,77100,77300,10096725,-0.007702182284980763
258,5429,2022-01-17,77600,77800,76900,77500,8785122,0.002587322121604174
259,5430,2022-01-18,77600,77800,76600,77000,9592788,-0.006451612903225823
260,5431,2022-01-19,76500,76900,76100,76300,10598290,-0.009090909090909038
261,5432,2022-01-20,76200,76700,75900,76500,9708168,0.002621231979030192
262,5433,2022-01-21,75800,75800,74700,75600,15774888,-0.0117647058823529
263,5434,2022-01-24,75400,75800,74700,75100,13691134,-0.006613756613756627
264,5435,2022-01-25,74800,75000,73200,74000,17766704,-0.01464713715046606
265,5436,2022-01-26,73900,74400,73100,73300,12976730,-0.009459459459459474
266,5437,2022-01-27,73800,74000,71300,71300,22274777,-0.027285129604365577
267,5438,2022-01-28,71300,73700,71200,73300,21367447,0.028050490883590573
268,5439,2022-02-03,74900,74900,73300,73300,17744721,0.0
269,5440,2022-02-04,74300,74600,73400,74000,12730034,0.009549795361528002
270,5441,2022-02-07,73500,73600,72400,73000,14240838,-0.013513513513513487
271,5442,2022-02-08,73800,74200,73000,73500,11736666,0.006849315068493178
272,5443,2022-02-09,74300,74700,74000,74700,9699122,0.01632653061224487
273,5444,2022-02-10,75600,75800,74700,75400,17746033,0.009370816599732157
274,5445,2022-02-11,75000,75500,74600,74900,12205407,-0.006631299734747964
275,5446,2022-02-14,74400,74500,73100,73700,13993255,-0.01602136181575431
276,5447,2022-02-15,74100,74200,73100,73700,9320365,0.0
277,5448,2022-02-16,74600,74900,74200,74800,10767386,0.014925373134328401
278,5449,2022-02-17,75000,75600,74500,75000,13605382,0.002673796791443861
279,5450,2022-02-18,74600,74800,73700,74300,10122226,-0.009333333333333305
280,5451,2022-02-21,73200,74300,72600,74200,10489717,-0.0013458950201884479
281,5452,2022-02-22,73000,73400,72800,73400,11692469,-0.010781671159029615
282,5453,2022-02-23,73800,73800,72800,73000,10397964,-0.00544959128065392
283,5454,2022-02-24,72300,72300,71300,71500,15759283,-0.020547945205479423
284,5455,2022-02-25,72100,72600,71900,71900,13168484,0.005594405594405494
285,5456,2022-02-28,71100,72100,71000,72100,17781783,0.0027816411682892728
286,5457,2022-03-02,72300,72400,71500,71700,12481430,-0.00554785020804438
287,5458,2022-03-03,72300,73100,72200,72900,13232638,0.01673640167364021
288,5459,2022-03-04,72700,72700,71200,71500,13409634,-0.019204389574759895
289,5460,2022-03-07,70000,70600,69900,70100,18617138,-0.01958041958041956
290,5461,2022-03-08,68800,70000,68700,69500,15828269,-0.008559201141226769
291,5462,2022-03-10,70800,71200,70500,71200,21159248,0.02446043165467615
292,5463,2022-03-11,70500,70700,69700,70000,15787655,-0.016853932584269704
293,5464,2022-03-14,70000,70200,69600,70200,9040993,0.0028571428571428914
294,5465,2022-03-15,69800,70100,69500,69500,10258562,-0.009971509971509973
295,5466,2022-03-16,70200,70500,69700,70400,10175750,0.012949640287769792
296,5467,2022-03-17,71200,71800,70900,71200,17646315,0.011363636363636465
297,5468,2022-03-18,70600,70900,70200,70700,14410038,-0.0070224719101124045
298,5469,2022-03-21,70900,71000,69900,69900,11169002,-0.011315417256011262
299,5470,2022-03-22,69900,70500,69900,70300,9402666,0.005722460658083017
300,5471,2022-03-23,70600,71200,70300,70500,12398025,0.002844950213371167
301,5472,2022-03-24,69600,70300,69600,69800,37943357,-0.009929078014184411
302,5473,2022-03-25,70100,70200,69600,69800,12986010,0.0
303,5474,2022-03-28,69500,69900,69200,69700,12619289,-0.0014326647564469885
304,5475,2022-03-29,70000,70300,69800,70200,13686208,0.007173601147776099
305,5476,2022-03-30,70300,70500,69800,69900,12670187,-0.004273504273504258
306,5477,2022-03-31,69900,70200,69600,69600,12510366,-0.0042918454935622075
307,5478,2022-04-01,69500,69500,69000,69100,15916846,-0.007183908045977017
308,5479,2022-04-04,68900,69300,68600,69300,11107905,0.0028943560057888007
309,5480,2022-04-05,69400,69600,69100,69200,8467248,-0.0014430014430014682
310,5481,2022-04-06,68600,68800,68500,68500,15517308,-0.010115606936416222
311,5482,2022-04-07,68500,68500,68000,68000,20683327,-0.007299270072992692
312,5483,2022-04-08,68100,68300,67700,67800,15453191,-0.002941176470588225
313,5484,2022-04-11,67800,68100,67400,67900,12263735,0.001474926253687281
314,5485,2022-04-12,67600,67700,67000,67000,13924389,-0.013254786450662692
315,5486,2022-04-13,67300,69000,67200,68700,17378619,0.025373134328358304
316,5487,2022-04-14,68700,68700,67500,67500,16409494,-0.017467248908296984
317,5488,2022-04-15,67200,67300,66500,66600,13176415,-0.013333333333333308
318,5489,2022-04-18,66500,67100,66100,66700,10119203,0.0015015015015014122
319,5490,2022-04-19,67100,68000,67000,67300,12959434,0.008995502248875464
320,5491,2022-04-20,67000,67400,66500,67400,16693293,0.0014858841010401136
321,5492,2022-04-21,67600,68300,67500,67700,12847448,0.004451038575667754
322,5493,2022-04-22,67200,67300,66700,67000,11791478,-0.010339734121122546
323,5494,2022-04-25,66500,66700,66300,66300,11016474,-0.010447761194029903
324,5495,2022-04-26,66400,66700,66100,66100,12946923,-0.003016591251885359
325,5496,2022-04-27,65400,65500,64900,65000,18122084,-0.016641452344931973
326,5497,2022-04-28,65400,65500,64500,64800,16895527,-0.003076923076923088
327,5498,2022-04-29,65100,67600,65000,67400,26190390,0.04012345679012341
328,5499,2022-05-02,66600,67600,66500,67300,14106184,-0.0014836795252225476
329,5500,2022-05-03,67400,68400,67300,67500,14168875,0.002971768202080227
330,5501,2022-05-04,68000,68400,67500,67900,11505248,0.00592592592592589
331,5502,2022-05-06,67000,67100,66500,66500,14356156,-0.020618556701030966
332,5503,2022-05-09,66300,66900,66100,66100,11858736,-0.006015037593984918
333,5504,2022-05-10,65900,66300,65300,65700,17235605,-0.006051437216338829
334,5505,2022-05-11,65500,66300,65200,65700,12330920,0.0
335,5506,2022-05-12,65200,65500,64900,64900,16414188,-0.0121765601217656
336,5507,2022-05-13,65300,66700,65200,66500,14551536,0.024653312788905923
337,5508,2022-05-16,67100,67400,66100,66300,11937555,-0.003007518796992459
338,5509,2022-05-17,66600,67900,66600,67600,15680447,0.019607843137254832
339,5510,2022-05-18,68300,68700,67600,68100,16486319,0.007396449704142105
340,5511,2022-05-19,66500,67600,66500,67500,17073727,-0.008810572687224627
341,5512,2022-05-20,67800,68400,67700,68000,12109671,0.007407407407407307
342,5513,2022-05-23,68800,68800,67600,67900,13684088,-0.0014705882352941124
343,5514,2022-05-24,67500,67700,66500,66500,15482576,-0.020618556701030966
344,5515,2022-05-25,66700,67100,65900,66400,15150490,-0.0015037593984962294
345,5516,2022-05-26,66300,67200,65500,65900,15970890,-0.0075301204819276935
346,5517,2022-05-27,66700,66900,66200,66500,11405555,0.009104704097116834
347,5518,2022-05-30,67500,67800,66900,67700,14255484,0.018045112781954975
348,5519,2022-05-31,67500,67500,66700,67400,24365002,-0.004431314623338234
349,5520,2022-06-02,66600,67000,66400,66700,14959443,-0.010385756676557834
350,5521,2022-06-03,67200,67300,66800,66800,8222883,0.0014992503748125774
351,5522,2022-06-07,66200,66400,65400,65500,19355755,-0.019461077844311392
352,5523,2022-06-08,65400,65700,65300,65300,12483180,-0.003053435114503844
353,5524,2022-06-09,65100,65200,64500,65200,25790725,-0.0015313935681470214
354,5525,2022-06-10,64000,64400,63800,63800,22193552,-0.021472392638036797
355,5526,2022-06-13,62400,62800,62100,62100,22157816,-0.026645768025078342
356,5527,2022-06-14,61200,62200,61100,61900,24606419,-0.0032206119162641045
357,5528,2022-06-15,61300,61500,60200,60700,26811224,-0.01938610662358642
358,5529,2022-06-16,61300,61800,60500,60900,23394895,0.0032948929159801743
359,5530,2022-06-17,59400,59900,59400,59800,29053450,-0.01806239737274218
360,5531,2022-06-20,59800,59900,58100,58700,34111306,-0.018394648829431426
361,5532,2022-06-21,58700,59200,58200,58500,25148109,-0.0034071550255536653
362,5533,2022-06-22,59000,59100,57600,57600,23334687,-0.01538461538461533
363,5534,2022-06-23,57700,58000,56800,57400,28338608,-0.00347222222222221
364,5535,2022-06-24,57900,59100,57700,58400,23256103,0.017421602787456525
365,5536,2022-06-27,59000,59900,58300,58800,18122236,0.006849315068493178
366,5537,2022-06-28,59200,59500,58700,59400,13540538,0.010204081632652962
367,5538,2022-06-29,58500,58800,58000,58000,14677138,-0.023569023569023573
368,5539,2022-06-30,57200,57600,57000,57000,18915142,-0.017241379310344862
369,5540,2022-07-01,56900,57500,55900,56200,24982097,-0.01403508771929829
370,5541,2022-07-04,56100,57400,55700,57100,17807126,0.016014234875444844
371,5542,2022-07-05,57600,58200,57200,57200,14216539,0.0017513134851139256
372,5543,2022-07-06,57300,57300,56400,56400,16820461,-0.013986013986013957
373,5544,2022-07-07,56400,58700,56300,58200,21322833,0.03191489361702127
374,5545,2022-07-08,58600,59300,58200,58700,15339271,0.00859106529209619
375,5546,2022-07-11,59300,59600,58700,58800,13042624,0.0017035775127767216
376,5547,2022-07-12,58600,58700,58100,58100,9336061,-0.011904761904761862
377,5548,2022-07-13,58300,58600,58000,58000,10841315,-0.0017211703958691649
378,5549,2022-07-14,57500,58200,57400,57500,15067012,-0.008620689655172376
379,5550,2022-07-15,58400,60000,58100,60000,18685583,0.04347826086956519
380,5551,2022-07-18,60600,62000,60500,61900,20832517,0.03166666666666673
381,5552,2022-07-19,61400,61500,60200,60900,15248261,-0.016155088852988664
382,5553,2022-07-20,61800,62100,60500,60500,16782238,-0.006568144499178974
383,5554,2022-07-21,61100,61900,60700,61800,12291374,0.02148760330578514
384,5555,2022-07-22,61800,62200,61200,61300,10261310,-0.008090614886731351
385,5556,2022-07-25,60900,61900,60800,61100,9193681,-0.0032626427406199365
386,5557,2022-07-26,60800,61900,60800,61700,6597211,0.009819967266775809
387,5558,2022-07-27,61300,61900,61200,61800,7320997,0.0016207455429497752
388,5559,2022-07-28,62300,62600,61600,61900,10745302,0.0016181229773462036
389,5560,2022-07-29,62400,62600,61300,61400,15093120,-0.008077544426494332
390,5561,2022-08-01,61000,61700,60300,61300,13154816,-0.0016286644951140072
391,5562,2022-08-02,61200,61900,61000,61700,13614895,0.006525285481239873
392,5563,2022-08-03,61600,61600,61000,61300,10053861,-0.00648298217179899
393,5564,2022-08-04,61700,61800,61200,61500,9125439,0.0032626427406199365
394,5565,2022-08-05,61700,61900,61200,61500,9567620,0.0
395,5566,2022-08-08,61400,61400,60600,60800,11313150,-0.011382113821138184
396,5567,2022-08-09,60600,60700,59600,60000,18251170,-0.013157894736842146
397,5568,2022-08-10,58900,59200,58600,59100,18084349,-0.015000000000000013
398,5569,2022-08-11,59600,60000,59300,59900,15141941,0.013536379018612488
399,5570,2022-08-12,59500,60700,59400,60200,10786658,0.005008347245408995
400,5571,2022-08-16,60500,61600,60300,61000,15036727,0.013289036544850585
401,5572,2022-08-17,61100,61200,60300,60400,9061518,-0.00983606557377048
402,5573,2022-08-18,60300,61900,60000,61500,16372754,0.01821192052980125
403,5574,2022-08-19,61400,61600,60600,60900,6923679,-0.009756097560975618
404,5575,2022-08-22,60300,60400,59800,60000,8259865,-0.014778325123152691
405,5576,2022-08-23,59000,59600,59000,59100,9041629,-0.015000000000000013
406,5577,2022-08-24,59200,59500,59000,59000,8888486,-0.0016920473773265332
407,5578,2022-08-25,59200,59700,59000,59700,5767902,0.011864406779660941
408,5579,2022-08-26,60300,60900,59900,60000,9499995,0.005025125628140614
409,5580,2022-08-29,58700,58900,58600,58600,9841329,-0.023333333333333317
410,5581,2022-08-30,58700,59000,58300,58800,9690044,0.0034129692832765013
411,5582,2022-08-31,58200,59900,58200,59700,14203512,0.015306122448979664
412,5583,2022-09-01,58700,58900,58300,58400,14905777,-0.021775544388609736
413,5584,2022-09-02,58300,58600,57500,57500,15040310,-0.015410958904109595
414,5585,2022-09-05,57400,57800,56800,57100,11425977,-0.006956521739130417
415,5586,2022-09-06,57200,57600,56900,57100,7503086,0.0
416,5587,2022-09-07,56700,56700,55900,56000,17384854,-0.019264448336252182
417,5588,2022-09-08,56200,56400,55600,55600,18000016,-0.0071428571428571175
418,5589,2022-09-13,57000,58500,56800,58100,17166581,0.04496402877697836
419,5590,2022-09-14,56200,57200,56100,56800,12524961,-0.022375215146299476
420,5591,2022-09-15,57000,57100,56000,56000,11664819,-0.014084507042253502
421,5592,2022-09-16,55600,56400,55500,56200,13456503,0.0035714285714285587
422,5593,2022-09-19,56300,57000,56000,56400,12278653,0.003558718861210064
423,5594,2022-09-20,56400,57000,55800,55800,14041465,-0.010638297872340385
424,5595,2022-09-21,55400,55500,55000,55300,11863700,-0.008960573476702538
425,5596,2022-09-22,54600,54700,54300,54400,12786510,-0.016274864376130238
426,5597,2022-09-23,54400,54900,54200,54500,10555964,0.0018382352941177516
427,5598,2022-09-26,53700,54200,53600,53900,15008449,-0.011009174311926606
428,5599,2022-09-27,53800,54200,53500,54200,16631289,0.005565862708719838
429,5600,2022-09-28,53900,54400,52500,52900,19991129,-0.023985239852398532
430,5601,2022-09-29,53300,53700,52600,52600,13882080,-0.005671077504725952
431,5602,2022-09-30,52300,53600,51800,53100,22503249,0.009505703422053147
432,5603,2022-10-04,55300,55400,54500,55200,19148435,0.039548022598870025
433,5604,2022-10-05,56900,57200,55400,56000,22458970,0.01449275362318847
434,5605,2022-10-06,56700,57300,56300,56300,14944446,0.005357142857142838
435,5606,2022-10-07,55900,56900,55200,56200,16886813,-0.001776198934280604
436,5607,2022-10-11,54400,55700,54000,55400,21437877,-0.014234875444839812
437,5608,2022-10-12,55700,57000,55200,55800,18408910,0.0072202166064982976
438,5609,2022-10-13,55400,56100,55200,55200,13784602,-0.010752688172043001
439,5610,2022-10-14,56200,56500,55800,56300,12924326,0.019927536231884035
440,5611,2022-10-17,55800,57000,55700,56600,13641878,0.005328596802841812
441,5612,2022-10-18,56700,57100,55800,56500,14820702,-0.0017667844522968323
442,5613,2022-10-19,56700,56900,55700,55800,12660652,-0.012389380530973493
443,5614,2022-10-20,55200,56000,55100,55500,17107653,-0.005376344086021501
444,5615,2022-10-21,55100,56300,55100,55900,11456060,0.007207207207207134
445,5616,2022-10-24,57000,57500,56700,57500,16944503,0.028622540250447193
446,5617,2022-10-25,57000,58600,57000,57700,17405678,0.003478260869565153
447,5618,2022-10-26,58000,59600,57700,59400,20824967,0.029462738301559765
448,5619,2022-10-27,59700,60100,58900,59500,21756712,0.0016835016835017313
449,5620,2022-10-28,58900,59200,57200,57300,20924937,-0.036974789915966366
450,5621,2022-10-31,58100,59900,58000,59400,18999514,0.03664921465968596
451,5622,2022-11-01,59900,60300,59500,60000,17201647,0.010101010101010166
452,5623,2022-11-02,59700,60000,59300,59600,13202919,-0.00666666666666671
453,5624,2022-11-03,58600,59800,58100,59200,17492162,-0.006711409395973145
454,5625,2022-11-04,59100,59500,58400,59400,12445841,0.0033783783783782884
455,5626,2022-11-07,59700,60300,59400,60200,12437246,0.013468013468013407
456,5627,2022-11-08,60500,61900,60500,61800,18273898,0.02657807308970095
457,5628,2022-11-09,62000,62200,61300,62000,14045592,0.003236245954692629
458,5629,2022-11-10,61400,61500,60400,60400,21087633,-0.02580645161290318
459,5630,2022-11-11,63100,63200,62300,62900,20037163,0.041390728476821126
460,5631,2022-11-14,62900,62900,61700,61900,15973416,-0.015898251192368873
461,5632,2022-11-15,62200,62500,61600,62400,12310986,0.008077544426494443
462,5633,2022-11-16,62400,62700,61700,62700,12909260,0.004807692307692291
463,5634,2022-11-17,62000,62000,61300,61400,13298296,-0.020733652312599715
464,5635,2022-11-18,61800,62400,61400,61800,12236503,0.006514657980456029
465,5636,2022-11-21,61400,61800,60800,61400,9378097,-0.006472491909385147
466,5637,2022-11-22,60900,61200,60300,60600,9411289,-0.013029315960912058
467,5638,2022-11-23,61200,61300,60700,61000,8765050,0.0066006600660066805
468,5639,2022-11-24,61200,61700,60900,61400,8125010,0.006557377049180246
469,5640,2022-11-25,61400,61700,60800,61000,6677933,-0.006514657980456029
470,5641,2022-11-28,60500,60500,59800,60100,8589032,-0.014754098360655776
471,5642,2022-11-29,59900,60600,59800,60600,7014160,0.008319467554076532
472,5643,2022-11-30,60400,62200,60200,62200,19768903,0.0264026402640265
473,5644,2022-12-01,63100,63200,62300,62600,16631445,0.006430868167202508
474,5645,2022-12-02,62500,62500,60400,60400,15331184,-0.03514376996805113
475,5646,2022-12-05,60900,61100,60000,60300,13767787,-0.0016556291390728006
476,5647,2022-12-06,59800,60100,59200,59200,13888300,-0.018242122719734688
477,5648,2022-12-07,58800,59600,58500,58900,12100662,-0.0050675675675675436
478,5649,2022-12-08,58700,59200,58600,59200,12986815,0.005093378607809784
479,5650,2022-12-09,59300,60600,59300,60400,10529632,0.020270270270270174
480,5651,2022-12-12,59900,60000,59400,59500,9036472,-0.01490066225165565
481,5652,2022-12-13,59600,60300,59400,59700,9040873,0.003361344537815114
482,5653,2022-12-14,59800,60600,59800,60500,8207485,0.01340033500837512
483,5654,2022-12-15,59800,60200,59300,59300,8716039,-0.01983471074380161
484,5655,2022-12-16,58300,59500,58300,59500,13033596,0.003372681281618828
485,5656,2022-12-19,59500,59900,59100,59500,7696187,0.0
486,5657,2022-12-20,59000,59100,58500,58600,9284761,-0.015126050420168013
487,5658,2022-12-21,58700,59100,58000,58000,10356971,-0.010238907849829393
488,5659,2022-12-22,58100,59100,58100,59100,10720630,0.018965517241379404
489,5660,2022-12-23,58200,58400,57700,58100,9829407,-0.016920473773265665
490,5661,2022-12-26,58000,58100,57700,57900,6756411,-0.0034423407917383297
491,5662,2022-12-27,58000,58400,57900,58100,10667027,0.003454231433505983
492,5663,2022-12-28,57600,57600,56400,56600,14665410,-0.025817555938037917
493,5664,2022-12-29,56000,56200,55300,55300,11295935,-0.02296819787985871
494,5665,2023-01-02,55500,56100,55200,55500,10031448,0.003616636528029016
495,5666,2023-01-03,55400,56000,54500,55400,13547030,-0.0018018018018017834
496,5667,2023-01-04,55700,58000,55600,57800,20188071,0.04332129963898912
497,5668,2023-01-05,58200,58800,57600,58200,15682826,0.006920415224913601
498,5669,2023-01-06,58300,59400,57900,59000,17334989,0.013745704467353903
499,5670,2023-01-09,59700,60700,59600,60700,18640107,0.028813559322034
500,5671,2023-01-10,60200,61100,59900,60400,14859797,-0.0049423393739703725
501,5672,2023-01-11,61000,61200,60300,60500,12310751,0.0016556291390728006
502,5673,2023-01-12,61100,61200,59900,60500,16102561,0.0
503,5674,2023-01-13,60500,61200,60400,60800,12510328,0.0049586776859504855
504,5675,2023-01-16,61300,61600,60800,61100,10039972,0.004934210526315708
505,5676,2023-01-17,61200,61500,60600,61000,9831456,-0.0016366612111292644
506,5677,2023-01-18,60700,61000,59900,60400,11584041,-0.00983606557377048
507,5678,2023-01-19,60500,61500,60400,61500,12808490,0.01821192052980125
508,5679,2023-01-20,62100,62300,61100,61800,9646327,0.004878048780487809
509,5680,2023-01-25,63500,63700,63000,63400,16822710,0.025889967637540368
510,5681,2023-01-26,63800,63900,63300,63900,13278277,0.007886435331230235
511,5682,2023-01-27,64400,65000,63900,64600,18760182,0.010954616588419341
512,5683,2023-01-30,64900,64900,63100,63300,20995234,-0.020123839009287936
513,5684,2023-01-31,63500,63700,61000,61000,29746731,-0.0363349131121643
514,5685,2023-02-01,62600,62700,61000,61800,18570133,0.013114754098360715
515,5686,2023-02-02,63200,63900,62600,63500,23285983,0.027508090614886793
516,5687,2023-02-03,63900,64000,63000,63800,15194598,0.0047244094488188
517,5688,2023-02-06,62800,63000,61600,61600,15529356,-0.03448275862068961
518,5689,2023-02-07,61900,62500,61600,61900,14491039,0.004870129870129913
519,5690,2023-02-08,62800,63300,62400,63100,12243125,0.01938610662358653
520,5691,2023-02-09,63000,63300,62300,63000,12164865,-0.0015847860538826808
521,5692,2023-02-10,62600,63000,62400,62800,9382576,-0.0031746031746031633
522,5693,2023-02-13,62900,63000,62300,62900,10730362,0.0015923566878981443
523,5694,2023-02-14,63600,63900,63200,63200,9126664,0.004769475357710551
524,5695,2023-02-15,63900,63900,62000,62200,13208103,-0.015822784810126556
525,5696,2023-02-16,62500,63700,62400,63700,13798831,0.02411575562700974
526,5697,2023-02-17,62900,63300,62400,62600,10791265,-0.017268445839874413
527,5698,2023-02-20,62900,63000,61800,62700,12908073,0.0015974440894568342
528,5699,2023-02-21,62700,62800,62000,62100,7665046,-0.009569377990430672
529,5700,2023-02-22,61500,61800,61000,61100,11959088,-0.01610305958132041
530,5701,2023-02-23,61700,62500,61500,62000,13047099,0.014729950900163713
531,5702,2023-02-24,62300,62600,61300,61300,10308143,-0.011290322580645107
532,5703,2023-02-27,60800,60800,60200,60500,11155697,-0.013050570962479635
533,5704,2023-02-28,60800,61400,60500,60600,13715861,0.0016528925619834212
534,5705,2023-03-02,60900,61800,60500,60800,13095682,0.0033003300330032292
535,5706,2023-03-03,61000,61200,60500,60500,10711405,-0.004934210526315819
536,5707,2023-03-06,61100,61600,60800,61500,13630602,0.016528925619834656
537,5708,2023-03-07,61400,61400,60700,60700,11473280,-0.013008130081300862
538,5709,2023-03-08,60100,60500,59900,60300,14161857,-0.00658978583196046
539,5710,2023-03-09,60500,60800,59900,60100,14334499,-0.0033167495854062867
540,5711,2023-03-10,59500,59700,59100,59500,11902471,-0.009983361064891838
541,5712,2023-03-13,59900,60200,59300,60000,12779724,0.008403361344537785
542,5713,2023-03-14,59400,59500,59000,59000,12147346,-0.01666666666666672
543,5714,2023-03-15,60000,60300,59600,59800,10482149,0.013559322033898313
544,5715,2023-03-16,59200,60200,59100,59900,10611939,0.0016722408026756952
545,5716,2023-03-17,60800,61300,60600,61300,14090110,0.023372287145241977
546,5717,2023-03-20,61100,61200,60200,60200,9618009,-0.01794453507340943
547,5718,2023-03-21,60500,60700,60100,60300,8318514,0.0016611295681063787
548,5719,2023-03-22,61000,61200,60500,61100,8978591,0.013266998341625147
549,5720,2023-03-23,60600,62300,60600,62300,15381057,0.019639934533551617
550,5721,2023-03-24,62700,63300,62300,63000,18278602,0.011235955056179803
551,5722,2023-03-27,62600,62800,62000,62100,11039331,-0.014285714285714235
552,5723,2023-03-28,62400,62900,62100,62900,11614118,0.012882447665056418
553,5724,2023-03-29,62500,62700,62200,62700,11216008,-0.0031796502384737746
554,5725,2023-03-30,63700,63700,63100,63200,15684377,0.00797448165869219
555,5726,2023-03-31,64000,64000,63700,64000,14094479,0.012658227848101333
556,5727,2023-04-03,64000,64000,63000,63100,11973133,-0.014062499999999978
557,5728,2023-04-04,63400,63800,62800,63600,11120514,0.007923930269413626
558,5729,2023-04-05,63700,64000,63400,63900,9176149,0.004716981132075526
559,5730,2023-04-06,63500,63600,62300,62300,14992747,-0.025039123630672955
560,5731,2023-04-07,63800,65200,63800,65000,27476120,0.043338683788122
561,5732,2023-04-10,64800,66300,64700,65700,18777166,0.010769230769230864
562,5733,2023-04-11,66200,66200,65400,65900,16323183,0.003044140030441511
563,5734,2023-04-12,65800,66200,65300,66000,15021313,0.0015174506828528056
564,5735,2023-04-13,65600,66100,65400,66100,15091022,0.0015151515151514694
565,5736,2023-04-14,66600,66600,65000,65100,16176490,-0.015128593040847238
566,5737,2023-04-17,65000,65600,64700,65300,13486618,0.003072196620583778
567,5738,2023-04-18,65900,66000,64800,65600,14802060,0.004594180704440953
568,5739,2023-04-19,65500,65800,65300,65500,10255985,-0.0015243902439023849
569,5740,2023-04-20,65100,65300,64600,65300,9501169,-0.003053435114503844
570,5741,2023-04-21,65800,65900,65400,65700,10538622,0.006125574272588086
571,5742,2023-04-24,65300,65700,64800,65200,12986581,-0.007610350076103556
572,5743,2023-04-25,65300,65400,63400,63600,16193271,-0.024539877300613466
573,5744,2023-04-26,63600,64300,63300,64100,12664541,0.007861635220125729
574,5745,2023-04-27,64100,65000,63300,64600,14779601,0.007800312012480548
575,5746,2023-04-28,65200,65900,65000,65500,19699481,0.01393188854489158
576,5747,2023-05-02,66000,66300,65100,65700,14396948,0.003053435114503733
577,5748,2023-05-03,65100,65600,64900,65400,8876749,-0.004566210045662156
578,5749,2023-05-04,65600,65700,64700,65100,9791064,-0.004587155963302725
579,5750,2023-05-08,66300,66300,65400,65900,9405365,0.01228878648233489
580,5751,2023-05-09,65800,65800,65100,65300,9366861,-0.009104704097116834
581,5752,2023-05-10,65500,65500,64300,64600,13057727,-0.01071975497702915
582,5753,2023-05-11,64700,65100,64200,64200,11648905,-0.006191950464396245
583,5754,2023-05-12,63700,64600,63600,64100,8693913,-0.0015576323987538387
584,5755,2023-05-15,64100,64600,63900,64500,8172021,0.006240249609984483
585,5756,2023-05-16,65800,65900,65300,65400,12334657,0.013953488372093092
586,5757,2023-05-17,65900,65900,64800,65000,10745504,-0.006116207951070374
587,5758,2023-05-18,66000,66200,65700,66200,14431704,0.01846153846153853
588,5759,2023-05-19,67800,68400,67500,68400,20349345,0.0332326283987916
589,5760,2023-05-22,68400,69000,68000,68500,14470308,0.0014619883040936088
590,5761,2023-05-23,68500,68700,68100,68400,8561643,-0.0014598540145985828
591,5762,2023-05-24,68100,68700,68000,68500,8192896,0.0014619883040936088
592,5763,2023-05-25,69900,70000,68700,68800,14231160,0.004379562043795637
593,5764,2023-05-26,69800,70400,69500,70300,19549511,0.021802325581395277
594,5765,2023-05-30,71300,72300,71200,72300,27476897,0.028449502133712556
595,5766,2023-05-31,72400,72500,71000,71400,25666087,-0.012448132780082943
596,5767,2023-06-01,70900,71600,70600,70900,14669296,-0.007002801120448154
597,5768,2023-06-02,71700,72200,71600,72200,12161798,0.01833568406205921
598,5769,2023-06-05,72700,72700,71400,71700,12686829,-0.006925207756232732
599,5770,2023-06-07,71300,71600,70800,71000,14796613,-0.009762900976290068
600,5771,2023-06-08,70400,70900,70000,70900,19165568,-0.0014084507042253502
601,5772,2023-06-09,71100,72300,70800,72000,15050209,0.015514809590973178
602,5773,2023-06-12,72100,72400,70800,71000,12064287,-0.01388888888888884
603,5774,2023-06-13,71700,72200,71600,72000,13227285,0.014084507042253502
604,5775,2023-06-14,72100,72200,71100,71900,12541046,-0.001388888888888884
605,5776,2023-06-15,72100,72300,71300,71500,13614994,-0.0055632823365785455
606,5777,2023-06-16,71800,71900,70900,71800,15373696,0.00419580419580412
607,5778,2023-06-19,71300,71700,70900,71200,11100887,-0.00835654596100277
608,5779,2023-06-20,70700,71400,70400,71400,11557883,0.002808988764045006
609,5780,2023-06-21,70700,71200,70400,70500,10626603,-0.012605042016806678
610,5781,2023-06-22,70200,71500,70100,71300,11411007,0.01134751773049647
611,5782,2023-06-23,72000,72200,71600,71600,12329484,0.004207573632538653
612,5783,2023-06-26,71700,72500,71500,72400,10541901,0.011173184357541999
613,5784,2023-06-27,72500,72600,72000,72600,9442997,0.0027624309392264568
614,5785,2023-06-28,72600,72700,72000,72700,8783093,0.0013774104683195176
615,5786,2023-06-29,73100,73400,72400,72400,12229967,-0.004126547455295726
616,5787,2023-06-30,72500,72700,71700,72200,11694765,-0.002762430939226568
617,5788,2023-07-03,72700,73200,72600,73000,10722181,0.011080332409972193
618,5789,2023-07-04,73400,73600,72900,73000,10214350,0.0
619,5790,2023-07-05,73000,73300,71900,72000,12310610,-0.013698630136986356
620,5791,2023-07-06,71900,72400,71500,71600,14777667,-0.005555555555555536
621,5792,2023-07-07,71100,71400,69800,69900,17308877,-0.023743016759776525
622,5793,2023-07-10,70000,70400,69200,69500,11713926,-0.005722460658083017
623,5794,2023-07-11,70200,71500,70100,71500,12177392,0.02877697841726623
624,5795,2023-07-12,71200,72000,71100,71900,10375581,0.005594405594405494
625,5796,2023-07-13,72400,72600,71900,71900,14417279,0.0
626,5797,2023-07-14,72500,73400,72400,73400,15882519,0.020862308762169768
627,5798,2023-07-17,73200,73500,72800,73300,10060049,-0.0013623978201634523
628,5799,2023-07-18,73200,73500,72000,72000,11697900,-0.017735334242837686
629,5800,2023-07-19,72700,72800,71300,71700,10896412,-0.004166666666666652
630,5801,2023-07-20,71100,71500,70800,71000,9732730,-0.009762900976290068
631,5802,2023-07-21,70400,70400,69400,70300,16528926,-0.009859154929577452
632,5803,2023-07-24,70100,70900,69900,70400,13418597,0.0014224751066855834
633,5804,2023-07-25,70000,70500,69800,70000,14314945,-0.005681818181818232
634,5805,2023-07-26,69800,70600,68100,69800,30016221,-0.0028571428571428914
635,5806,2023-07-27,69900,71700,69300,71700,24261179,0.027220630372492893
636,5807,2023-07-28,71800,72400,70100,70600,19420683,-0.015341701534170138
637,5808,2023-07-31,70900,71000,69800,69800,13035420,-0.011331444759206777
638,5809,2023-08-01,70100,71200,70000,71100,12299254,0.018624641833810962
639,5810,2023-08-02,70700,71000,69800,69900,13835020,-0.016877637130801704
640,5811,2023-08-03,69900,70200,68500,68800,20087090,-0.01573676680972813
641,5812,2023-08-04,68800,69100,68200,68300,12360193,-0.007267441860465129
642,5813,2023-08-07,67700,69200,67600,68500,10968505,0.002928257686676483
643,5814,2023-08-08,69000,69100,67400,67600,14664709,-0.013138686131386912
644,5815,2023-08-09,68000,69600,67900,68900,17259673,0.019230769230769162
645,5816,2023-08-10,68300,68500,67800,68000,10227311,-0.013062409288824406
646,5817,2023-08-11,68400,68800,67500,67500,9781038,-0.007352941176470562
647,5818,2023-08-14,67500,67900,66900,67300,9352343,-0.002962962962962945
648,5819,2023-08-16,66700,67100,66300,67000,13174578,-0.004457652303120341
649,5820,2023-08-17,66300,66800,66000,66700,10778652,-0.004477611940298498
650,5821,2023-08-18,66000,66700,65800,66300,11745006,-0.005997001499250421
651,5822,2023-08-21,66600,67100,66300,66600,9720067,0.004524886877828038
652,5823,2023-08-22,67200,67700,66300,66600,10500242,0.0
653,5824,2023-08-23,66700,67100,66400,67100,9549352,0.007507507507507505
654,5825,2023-08-24,68300,68700,67900,68200,15044463,0.016393442622950838
655,5826,2023-08-25,67100,67400,66900,67100,7032462,-0.016129032258064502
656,5827,2023-08-28,66800,67000,66500,66800,5824628,-0.0044709388971684305
657,5828,2023-08-29,66900,67200,66600,66800,9114352,0.0
658,5829,2023-08-30,67300,67700,67100,67100,9181223,0.004491017964071808
659,5830,2023-08-31,67100,67200,66400,66900,15964630,-0.0029806259314456574
660,5831,2023-09-01,66800,71000,66700,71000,29738235,0.06128550074738426
661,5832,2023-09-04,72900,72900,70700,71200,26286495,0.0028169014084507005
662,5833,2023-09-05,70900,71500,70200,70700,12330239,-0.0070224719101124045
663,5834,2023-09-06,70700,70800,69700,70000,11414620,-0.00990099009900991
664,5835,2023-09-07,70000,70600,69600,70400,13741241,0.005714285714285783
665,5836,2023-09-08,70200,70300,69600,70300,10688118,-0.0014204545454545858
666,5837,2023-09-11,70400,70800,70000,70800,11785462,0.007112375533428139
667,5838,2023-09-12,70800,71000,70400,70500,11688599,-0.004237288135593209
668,5839,2023-09-13,71100,71600,70300,70900,15955797,0.005673758865248235
669,5840,2023-09-14,71200,71800,70800,71700,21041407,0.01128349788434413
670,5841,2023-09-15,71700,72300,71400,72000,17823512,0.004184100418409997
671,5842,2023-09-18,71300,71700,70200,70200,16040727,-0.025000000000000022
672,5843,2023-09-19,70400,70800,69600,69800,11820188,-0.005698005698005715
673,5844,2023-09-20,70000,70300,69500,69600,10873015,-0.002865329512893977
674,5845,2023-09-21,69200,69800,68800,68900,10796336,-0.010057471264367845
675,5846,2023-09-22,68300,68900,68300,68800,9897840,-0.0014513788098693414
676,5847,2023-09-25,68500,69700,68500,69400,13582516,0.008720930232558155
677,5848,2023-09-26,70000,70000,68400,68600,13143470,-0.011527377521613813
678,5849,2023-09-27,68600,69100,68200,68400,14886491,-0.002915451895043719
679,5850,2023-10-04,67400,67700,66700,67500,23361149,-0.013157894736842146
680,5851,2023-10-05,67300,67400,66700,66700,16108313,-0.011851851851851891
681,5852,2023-10-06,67100,67300,66000,66000,14386527,-0.010494752623688153
682,5853,2023-10-10,66200,67600,66200,66400,19889202,0.0060606060606061
683,5854,2023-10-11,68600,69400,67900,68200,25209349,0.027108433734939652
684,5855,2023-10-12,68600,69700,68200,68900,19311380,0.01026392961876832
685,5856,2023-10-13,68000,68500,67700,68000,9724086,-0.013062409288824406
686,5857,2023-10-16,67900,68500,66800,67300,12599299,-0.010294117647058787
687,5858,2023-10-17,67700,69900,67400,69400,17299253,0.031203566121842385
688,5859,2023-10-18,68900,70500,68800,70500,16493184,0.015850144092218965
689,5860,2023-10-19,69700,70000,69400,69500,13985012,-0.014184397163120588
690,5861,2023-10-20,68900,69200,68100,68800,15204495,-0.010071942446043147
691,5862,2023-10-23,68700,69100,68200,68400,11625959,-0.005813953488372103
692,5863,2023-10-24,68700,68800,67700,68500,12791710,0.0014619883040936088
693,5864,2023-10-25,68800,68800,67900,68000,10610703,-0.007299270072992692
694,5865,2023-10-26,67000,67900,66700,66700,15517624,-0.019117647058823573
695,5866,2023-10-27,67100,67300,66700,67300,11334726,0.008995502248875464
696,5867,2023-10-30,66800,67800,66700,67300,10139270,0.0
697,5868,2023-10-31,67600,68300,66900,66900,14488892,-0.005943536404160454
698,5869,2023-11-01,67500,68900,67300,68600,13775256,0.025411061285500747
699,5870,2023-11-02,70000,70000,69400,69700,16350031,0.016034985422740622
700,5871,2023-11-03,69700,70200,69500,69600,10322234,-0.0014347202295552641
701,5872,2023-11-06,69800,70900,69300,70900,22228489,0.018678160919540332
702,5873,2023-11-07,70600,70900,70000,70900,17228731,0.0
703,5874,2023-11-08,71300,71400,69700,69900,12901310,-0.014104372355430161
704,5875,2023-11-09,69900,70800,69600,70300,12301373,0.005722460658083017
705,5876,2023-11-10,70000,70500,69500,70500,9684347,0.002844950213371167
706,5877,2023-11-13,71300,71300,70300,70400,9246919,-0.0014184397163120588
707,5878,2023-11-14,71000,71100,70600,70800,9567984,0.005681818181818121
708,5879,2023-11-15,71600,72200,71500,72200,20148677,0.019774011299435124
709,5880,2023-11-16,72500,73000,72300,72800,15860451,0.008310249307479145
710,5881,2023-11-17,72300,73000,72300,72500,11494644,-0.004120879120879106
711,5882,2023-11-20,72100,73000,72100,72700,10610157,0.0027586206896552667
712,5883,2023-11-21,73100,73400,72700,72800,9712881,0.0013755158184318717
713,5884,2023-11-22,72200,73000,71900,72800,11105143,0.0
714,5885,2023-11-23,73000,73200,72200,72400,6775614,-0.005494505494505475
715,5886,2023-11-24,72400,72600,71700,71700,6676685,-0.00966850828729282
716,5887,2023-11-27,71500,72100,71100,71300,9113857,-0.00557880055788007
717,5888,2023-11-28,71400,72700,71300,72700,13283081,0.019635343618513268
718,5889,2023-11-29,72400,72800,72200,72700,9283933,0.0
719,5890,2023-11-30,72700,72800,72200,72800,15783714,0.0013755158184318717
720,5891,2023-12-01,72400,72500,71700,72000,9871284,-0.01098901098901095
721,5892,2023-12-04,72800,72900,72400,72600,10229267,0.008333333333333304
722,5893,2023-12-05,72300,72400,71200,71200,12129682,-0.019283746556473802
723,5894,2023-12-06,71800,72100,71600,71700,8123087,0.0070224719101124045
724,5895,2023-12-07,71800,71900,71100,71500,8862017,-0.002789400278940035
725,5896,2023-12-08,72100,72800,71900,72600,10859463,0.01538461538461533
726,5897,2023-12-11,72800,73000,72200,73000,9861960,0.005509641873278293
727,5898,2023-12-12,73300,73500,73100,73500,13758646,0.006849315068493178
728,5899,2023-12-13,73300,73500,72800,72800,13116766,-0.00952380952380949
729,5900,2023-12-14,74100,74300,72500,73100,27567593,0.004120879120879106
730,5901,2023-12-15,73800,74000,73200,73300,15419815,0.002735978112175186
731,5902,2023-12-18,73300,73400,72800,72900,9690551,-0.00545702592087316
732,5903,2023-12-19,73000,73400,72800,73400,8907632,0.006858710562414272
733,5904,2023-12-20,74200,74900,73800,74800,16870156,0.019073569482288777
734,5905,2023-12-21,74600,75000,74300,75000,13478766,0.002673796791443861
735,5906,2023-12-22,75800,76300,75400,75900,14515608,0.01200000000000001
736,5907,2023-12-26,76100,76700,75700,76600,13164909,0.00922266139657446
737,5908,2023-12-27,76700,78000,76500,78000,20651042,0.018276762402088753
738,5909,2023-12-28,77700,78500,77500,78500,17797536,0.0064102564102563875
